flowers,fruits,year,mounth
0,1,83,1
0,1,83,1
0,0,83,1
0,0,83,1
0,0,83,1
0,1,83,2
0,1,83,2
0,0,83,2
0,0,83,2
0,0,83,2
0,1,83,3
0,0,83,3
0,0,83,3
0,0,83,3
0,0,83,3
0,0,83,4
1,0,83,4
1,0,83,4
1,0,83,4
1,0,83,4
1,0,83,5
1,0,83,5
1,0,83,5
1,0,83,5
1,0,83,5
1,0,83,6
1,0,83,6
1,0,83,6
1,0,83,6
1,0,83,6
0,0,83,7
0,0,83,7
0,0,83,7
0,0,83,7
1,0,83,7
0,1,83,8
0,1,83,8
0,1,83,8
0,1,83,8
0,1,83,8
0,0,83,9
0,1,83,9
0,1,83,9
0,1,83,9
0,1,83,9
0,1,83,10
0,1,83,10
0,1,83,10
0,1,83,10
0,0,83,10
0,1,83,11
0,1,83,11
0,1,83,11
0,1,83,11
0,1,83,11
0,1,83,12
0,1,83,12
0,1,83,12
0,1,83,12
0,0,83,12
0,1,84,1
0,1,84,1
0,1,84,1
0,0,84,1
0,0,84,1
0,1,84,2
0,1,84,2
0,0,84,2
0,0,84,2
0,0,84,2
0,1,84,3
0,0,84,3
0,0,84,3
0,0,84,3
0,0,84,3
0,0,84,4
0,0,84,4
0,0,84,4
0,0,84,4
0,0,84,4
1,0,84,5
1,0,84,5
1,0,84,5
1,0,84,5
1,0,84,5
1,0,84,6
1,0,84,6
1,0,84,6
1,0,84,6
1,0,84,6
1,0,84,7
1,0,84,7
1,0,84,7
1,1,84,7
1,1,84,7
0,1,84,8
0,1,84,8
0,1,84,8
1,1,84,8
1,1,84,8
0,1,84,9
0,1,84,9
0,1,84,9
0,0,84,9
0,1,84,9
0,1,84,10
0,1,84,10
0,1,84,10
0,1,84,10
0,1,84,10
0,1,84,11
0,1,84,11
0,1,84,11
0,1,84,11
0,1,84,11
0,1,84,12
0,1,84,12
0,1,84,12
0,0,84,12
0,0,84,12
0,1,85,1
0,1,85,1
0,1,85,1
0,0,85,1
0,0,85,1
0,1,85,2
0,1,85,2
0,0,85,2
0,0,85,2
0,0,85,2
0,1,85,3
0,1,85,3
0,0,85,3
0,0,85,3
0,0,85,3
0,0,85,4
0,0,85,4
0,0,85,4
0,0,85,4
0,0,85,4
0,0,85,5
0,0,85,5
0,0,85,5
0,0,85,5
0,0,85,5
0,0,85,6
1,0,85,6
1,0,85,6
1,0,85,6
1,0,85,6
1,0,85,7
1,0,85,7
1,0,85,7
1,0,85,7
1,1,85,7
0,1,85,8
0,1,85,8
1,1,85,8
1,1,85,8
1,1,85,8
1,1,85,9
1,1,85,9
0,1,85,9
0,1,85,9
0,1,85,9
0,1,85,10
0,1,85,10
0,1,85,10
0,1,85,10
0,1,85,10
0,1,85,11
0,1,85,11
0,1,85,11
0,1,85,11
0,1,85,11
0,1,85,12
0,1,85,12
0,1,85,12
0,0,85,12
0,0,85,12
0,1,86,1
0,1,86,1
0,1,86,1
0,1,86,1
0,0,86,1
0,1,86,2
0,1,86,2
0,1,86,2
0,1,86,2
0,0,86,2
0,1,86,3
0,1,86,3
0,1,86,3
0,0,86,3
0,0,86,3
1,0,86,4
1,0,86,4
1,0,86,4
1,0,86,4
1,0,86,4
1,0,86,5
1,0,86,5
1,0,86,5
1,0,86,5
0,0,86,5
1,0,86,6
1,0,86,6
1,0,86,6
1,0,86,6
0,0,86,6
1,0,86,7
1,0,86,7
1,1,86,7
1,1,86,7
0,1,86,7
0,0,86,8
0,1,86,8
0,1,86,8
0,1,86,8
0,1,86,8
0,1,86,9
0,1,86,9
0,1,86,9
0,1,86,9
0,1,86,9
0,1,86,10
0,1,86,10
0,1,86,10
0,1,86,10
0,1,86,10
0,1,86,11
0,1,86,11
0,1,86,11
0,1,86,11
0,1,86,11
0,1,86,12
0,1,86,12
0,1,86,12
0,1,86,12
0,1,86,12
0,1,87,1
0,1,87,1
0,1,87,1
0,1,87,1
0,1,87,1
0,1,87,2
0,1,87,2
0,1,87,2
0,0,87,2
0,1,87,2
0,0,87,3
0,0,87,3
0,0,87,3
0,0,87,3
0,0,87,3
1,0,87,4
1,0,87,4
0,0,87,4
0,0,87,4
0,0,87,4
1,0,87,5
1,0,87,5
0,0,87,5
0,0,87,5
0,0,87,5
1,1,87,6
1,1,87,6
1,0,87,6
0,0,87,6
0,0,87,6
1,1,87,7
0,1,87,7
0,1,87,7
0,0,87,7
0,0,87,7
0,1,87,8
0,1,87,8
0,1,87,8
0,1,87,8
0,1,87,8
0,1,87,9
0,1,87,9
0,1,87,9
0,1,87,9
0,1,87,9
0,1,87,10
0,1,87,10
0,1,87,10
0,1,87,10
0,1,87,10
0,1,87,11
0,1,87,11
0,1,87,11
0,1,87,11
0,1,87,11
0,1,87,12
0,1,87,12
0,1,87,12
0,0,87,12
0,1,87,12
0,1,88,1
0,1,88,1
0,1,88,1
0,0,88,1
0,0,88,1
0,0,88,2
0,1,88,2
0,1,88,2
0,0,88,2
0,0,88,2
0,1,88,3
0,0,88,3
0,0,88,3
0,0,88,3
0,0,88,3
1,0,88,4
1,0,88,4
1,0,88,4
1,0,88,4
1,0,88,4
1,0,88,5
1,0,88,5
1,0,88,5
1,0,88,5
1,0,88,5
1,0,88,6
1,0,88,6
1,0,88,6
0,1,88,6
0,1,88,6
1,0,88,7
1,0,88,7
0,1,88,7
0,1,88,7
0,1,88,7
0,1,88,8
0,1,88,8
0,1,88,8
0,1,88,8
0,1,88,8
0,1,88,9
0,1,88,9
0,1,88,9
0,1,88,9
0,1,88,9
0,1,88,10
0,1,88,10
0,1,88,10
0,1,88,10
0,0,88,10
0,1,88,11
0,1,88,11
0,1,88,11
0,1,88,11
0,0,88,11
0,1,88,12
0,1,88,12
0,1,88,12
0,1,88,12
0,0,88,12
0,1,89,1
0,1,89,1
0,1,89,1
0,0,89,1
0,0,89,1
0,1,89,2
0,1,89,2
0,0,89,2
0,0,89,2
0,0,89,2
0,1,89,3
0,1,89,3
0,0,89,3
0,0,89,3
0,0,89,3
0,0,89,4
0,0,89,4
0,0,89,4
0,0,89,4
0,0,89,4
1,0,89,5
1,0,89,5
1,0,89,5
1,0,89,5
1,0,89,5
0,0,89,6
1,0,89,6
1,0,89,6
1,0,89,6
1,0,89,6
1,0,89,7
1,0,89,7
0,1,89,7
0,1,89,7
0,1,89,7
1,0,89,8
1,0,89,8
0,1,89,8
0,1,89,8
0,1,89,8
0,1,89,9
0,1,89,9
0,1,89,9
0,1,89,9
0,1,89,9
0,1,89,10
0,1,89,10
0,1,89,10
0,1,89,10
0,1,89,10
0,1,89,11
0,1,89,11
0,1,89,11
0,1,89,11
0,1,89,11
0,1,89,12
0,1,89,12
0,1,89,12
0,1,89,12
0,1,89,12
0,1,90,1
0,1,90,1
0,1,90,1
0,0,90,1
0,0,90,1
0,0,90,2
0,1,90,2
0,1,90,2
0,0,90,2
0,0,90,2
0,0,90,3
0,1,90,3
0,0,90,3
0,0,90,3
0,0,90,3
0,0,90,4
0,0,90,4
0,0,90,4
0,0,90,4
0,0,90,4
0,0,90,5
0,0,90,5
0,0,90,5
0,0,90,5
0,0,90,5
1,0,90,6
1,0,90,6
1,0,90,6
1,0,90,6
1,0,90,6
1,0,90,7
1,0,90,7
1,0,90,7
1,0,90,7
1,0,90,7
1,0,90,8
1,0,90,8
0,1,90,8
0,1,90,8
0,1,90,8
0,1,90,9
0,1,90,9
0,1,90,9
0,1,90,9
0,1,90,9
0,1,90,10
0,1,90,10
0,1,90,10
0,1,90,10
0,1,90,10
0,1,90,11
0,1,90,11
0,1,90,11
0,1,90,11
0,1,90,11
0,1,90,12
0,1,90,12
0,1,90,12
0,1,90,12
0,1,90,12
0,1,91,1
0,1,91,1
0,1,91,1
0,0,91,1
0,0,91,1
0,1,91,2
0,1,91,2
0,0,91,2
0,0,91,2
0,0,91,2
0,1,91,3
0,1,91,3
0,0,91,3
0,0,91,3
0,0,91,3
0,0,91,4
0,0,91,4
0,0,91,4
0,0,91,4
0,0,91,4
0,0,91,5
0,0,91,5
0,0,91,5
0,0,91,5
0,0,91,5
1,0,91,6
1,0,91,6
1,0,91,6
1,0,91,6
1,0,91,6
1,0,91,7
1,0,91,7
1,0,91,7
1,0,91,7
1,0,91,7
1,0,91,8
1,0,91,8
0,0,91,8
1,0,91,8
0,1,91,8
0,1,91,9
0,1,91,9
0,1,91,9
0,1,91,9
0,1,91,9
0,1,91,10
0,1,91,10
0,1,91,10
0,1,91,10
0,1,91,10
0,1,91,11
0,1,91,11
0,1,91,11
0,1,91,11
0,1,91,11
0,1,91,12
0,1,91,12
0,1,91,12
0,1,91,12
0,1,91,12
0,1,92,1
0,1,92,1
0,1,92,1
0,0,92,1
0,0,92,1
0,0,92,2
0,1,92,2
0,1,92,2
0,0,92,2
0,0,92,2
0,0,92,3
0,0,92,3
0,0,92,3
0,0,92,3
0,0,92,3
0,0,92,4
0,0,92,4
0,0,92,4
0,0,92,4
0,0,92,4
1,0,92,5
1,0,92,5
1,0,92,5
0,0,92,5
1,0,92,5
1,1,92,6
1,1,92,6
1,0,92,6
1,0,92,6
0,0,92,6
1,0,92,7
1,0,92,7
1,0,92,7
0,1,92,7
0,1,92,7
1,1,92,8
0,1,92,8
0,1,92,8
0,1,92,8
0,1,92,8
0,1,92,9
0,1,92,9
0,1,92,9
0,1,92,9
0,1,92,9
0,1,92,10
0,1,92,10
0,1,92,10
0,1,92,10
0,1,92,10
0,1,92,11
0,1,92,11
0,1,92,11
0,1,92,11
0,1,92,11
0,1,92,12
0,1,92,12
0,1,92,12
0,1,92,12
0,1,92,12
0,1,93,1
0,1,93,1
0,1,93,1
0,0,93,1
0,0,93,1
0,0,93,2
0,1,93,2
0,1,93,2
0,0,93,2
0,0,93,2
0,0,93,3
0,0,93,3
0,0,93,3
0,0,93,3
0,0,93,3
0,0,93,4
0,0,93,4
0,0,93,4
0,0,93,4
1,0,93,4
1,0,93,5
1,0,93,5
0,0,93,5
0,0,93,5
1,0,93,5
1,0,93,6
1,0,93,6
0,0,93,6
0,1,93,6
1,1,93,6
1,0,93,7
0,0,93,7
0,1,93,7
0,1,93,7
1,1,93,7
0,1,93,8
0,1,93,8
0,1,93,8
0,1,93,8
0,1,93,8
0,1,93,9
0,1,93,9
0,1,93,9
0,1,93,9
0,1,93,9
0,1,93,10
0,1,93,10
0,1,93,10
0,1,93,10
0,1,93,10
0,1,93,11
0,1,93,11
0,1,93,11
0,1,93,11
0,1,93,11
0,1,93,12
0,1,93,12
0,1,93,12
0,0,93,12
0,0,93,12
0,1,94,1
0,1,94,1
0,1,94,1
0,1,94,1
0,0,94,1
0,1,94,2
0,1,94,2
0,1,94,2
0,0,94,2
0,0,94,2
0,1,94,3
0,1,94,3
0,1,94,3
0,0,94,3
0,0,94,3
0,0,94,4
0,0,94,4
0,0,94,4
0,0,94,4
0,0,94,4
0,0,94,5
0,0,94,5
0,0,94,5
0,0,94,5
0,0,94,5
1,0,94,6
1,0,94,6
1,0,94,6
1,0,94,6
1,0,94,6
1,0,94,7
1,0,94,7
1,0,94,7
1,0,94,7
1,0,94,7
1,0,94,8
1,0,94,8
1,0,94,8
1,0,94,8
1,0,94,8
1,1,94,9
0,1,94,9
0,0,94,9
0,0,94,9
0,0,94,9
0,1,94,10
0,1,94,10
0,0,94,10
0,0,94,10
0,0,94,10
0,1,94,11
0,1,94,11
0,1,94,11
0,1,94,11
0,1,94,11
0,1,94,12
0,1,94,12
0,1,94,12
0,1,94,12
0,1,94,12
0,1,95,1
0,1,95,1
0,1,95,1
0,0,95,1
0,0,95,1
0,0,95,2
0,1,95,2
0,1,95,2
0,1,95,2
0,0,95,2
0,0,95,3
0,0,95,3
0,1,95,3
0,1,95,3
0,1,95,3
0,0,95,4
0,0,95,4
0,0,95,4
0,0,95,4
0,0,95,4
1,0,95,5
1,0,95,5
1,0,95,5
1,0,95,5
1,0,95,5
1,0,95,6
1,0,95,6
1,0,95,6
1,0,95,6
1,0,95,6
1,0,95,7
1,0,95,7
1,0,95,7
1,0,95,7
1,0,95,7
1,0,95,8
1,0,95,8
0,1,95,8
0,1,95,8
0,0,95,8
0,0,95,9
0,1,95,9
0,1,95,9
0,1,95,9
0,0,95,9
0,1,95,10
0,1,95,10
0,1,95,10
0,1,95,10
0,1,95,10
0,1,95,11
0,1,95,11
0,1,95,11
0,1,95,11
0,1,95,11
0,1,95,12
0,1,95,12
0,1,95,12
0,1,95,12
0,1,95,12
0,1,96,1
0,1,96,1
0,1,96,1
0,0,96,1
0,0,96,1
0,0,96,2
0,0,96,2
0,1,96,2
0,0,96,2
0,1,96,2
0,1,96,3
0,1,96,3
0,0,96,3
0,0,96,3
0,0,96,3
0,0,96,4
0,0,96,4
0,0,96,4
0,0,96,4
0,0,96,4
1,0,96,5
1,0,96,5
1,0,96,5
1,0,96,5
1,0,96,5
1,0,96,6
1,0,96,6
1,0,96,6
1,0,96,6
0,0,96,6
1,0,96,7
1,0,96,7
1,0,96,7
1,0,96,7
0,0,96,7
1,0,96,8
1,0,96,8
0,1,96,8
0,1,96,8
0,1,96,8
0,1,96,9
0,1,96,9
1,1,96,9
0,1,96,9
0,1,96,9
0,1,96,10
0,1,96,10
0,1,96,10
0,1,96,10
0,1,96,10
0,1,96,11
0,1,96,11
0,1,96,11
0,1,96,11
0,1,96,11
0,1,96,12
0,1,96,12
0,1,96,12
0,1,96,12
0,1,96,12
0,1,97,1
0,1,97,1
0,1,97,1
0,0,97,1
0,0,97,1
0,1,97,2
0,1,97,2
0,1,97,2
0,0,97,2
0,0,97,2
0,0,97,3
0,0,97,3
0,0,97,3
0,1,97,3
0,1,97,3
0,0,97,4
0,0,97,4
0,0,97,4
0,0,97,4
0,0,97,4
1,0,97,5
0,0,97,5
0,0,97,5
0,0,97,5
0,0,97,5
1,0,97,6
1,0,97,6
0,0,97,6
0,0,97,6
0,0,97,6
0,0,97,7
1,0,97,7
1,0,97,7
1,0,97,7
1,0,97,7
0,0,97,8
1,0,97,8
0,1,97,8
0,1,97,8
0,0,97,8
0,1,97,9
0,1,97,9
0,1,97,9
0,0,97,9
0,0,97,9
0,1,97,10
0,1,97,10
0,1,97,10
0,1,97,10
0,0,97,10
0,1,97,11
0,1,97,11
0,1,97,11
0,1,97,11
0,1,97,11
0,1,97,12
0,1,97,12
0,1,97,12
0,1,97,12
0,1,97,12
0,0,98,1
0,1,98,1
0,0,98,1
0,1,98,1
0,NA,98,1
0,1,98,2
0,1,98,2
0,0,98,2
0,0,98,2
0,1,98,2
0,0,98,3
0,0,98,3
0,0,98,3
0,0,98,3
0,0,98,3
0,0,98,4
0,0,98,4
0,0,98,4
0,0,98,4
0,0,98,4
1,0,98,5
1,0,98,5
0,0,98,5
0,0,98,5
0,0,98,5
0,0,98,6
1,0,98,6
1,0,98,6
1,0,98,6
1,0,98,6
1,0,98,7
1,0,98,7
1,0,98,7
1,0,98,7
1,0,98,7
1,0,98,8
1,0,98,8
1,0,98,8
1,0,98,8
1,1,98,8
1,1,98,9
0,1,98,9
0,1,98,9
0,1,98,9
0,1,98,9
0,1,98,10
0,1,98,10
0,1,98,10
0,1,98,10
0,1,98,10
0,1,98,11
0,1,98,11
0,1,98,11
0,1,98,11
0,1,98,11
0,1,98,12
0,1,98,12
0,1,98,12
0,1,98,12
0,1,98,12
0,1,99,1
0,1,99,1
0,0,99,1
0,0,99,1
0,0,99,1
0,1,99,2
0,0,99,2
0,0,99,2
0,0,99,2
0,0,99,2
0,1,99,3
0,0,99,3
0,0,99,3
0,0,99,3
0,0,99,3
0,0,99,4
0,0,99,4
0,0,99,4
0,0,99,4
0,0,99,4
1,0,99,5
1,0,99,5
1,0,99,5
0,0,99,5
0,0,99,5
1,0,99,6
1,0,99,6
1,0,99,6
1,0,99,6
0,0,99,6
1,0,99,7
1,0,99,7
1,0,99,7
1,0,99,7
0,0,99,7
1,0,99,8
1,0,99,8
1,0,99,8
1,0,99,8
0,1,99,8
1,1,99,9
0,1,99,9
0,1,99,9
0,0,99,9
0,1,99,9
0,1,99,10
0,1,99,10
0,1,99,10
0,1,99,10
0,1,99,10
0,1,99,11
0,1,99,11
0,1,99,11
0,1,99,11
0,1,99,11
0,1,99,12
0,1,99,12
0,1,99,12
0,1,99,12
0,1,99,12
0,1,2000,1
0,1,2000,1
0,1,2000,1
0,0,2000,1
0,0,2000,1
0,1,2000,2
0,1,2000,2
0,1,2000,2
0,0,2000,2
0,0,2000,2
0,0,2000,3
0,0,2000,3
0,0,2000,3
0,0,2000,3
0,0,2000,3
0,0,2000,4
0,0,2000,4
0,0,2000,4
0,0,2000,4
0,0,2000,4
1,0,2000,5
1,0,2000,5
1,0,2000,5
0,0,2000,5
0,0,2000,5
1,0,2000,6
1,0,2000,6
0,0,2000,6
0,0,2000,6
0,0,2000,6
1,0,2000,7
1,0,2000,7
1,0,2000,7
1,0,2000,7
0,0,2000,7
1,0,2000,8
1,0,2000,8
1,0,2000,8
1,0,2000,8
0,0,2000,8
1,1,2000,9
1,1,2000,9
0,1,2000,9
0,1,2000,9
0,1,2000,9
0,1,2000,10
0,1,2000,10
0,1,2000,10
0,1,2000,10
0,0,2000,10
0,1,2000,11
0,1,2000,11
0,1,2000,11
0,1,2000,11
0,1,2000,11
0,1,2000,12
0,1,2000,12
0,1,2000,12
0,1,2000,12
0,1,2000,12
0,0,2001,1
0,1,2001,1
0,1,2001,1
0,1,2001,1
0,1,2001,1
0,1,2001,2
0,1,2001,2
0,1,2001,2
0,0,2001,2
0,0,2001,2
1,1,2001,3
1,1,2001,3
1,0,2001,3
1,0,2001,3
0,0,2001,3
1,0,2001,4
1,0,2001,4
1,0,2001,4
1,0,2001,4
1,0,2001,4
1,0,2001,5
1,0,2001,5
1,0,2001,5
1,0,2001,5
1,0,2001,5
0,0,2001,6
1,0,2001,6
1,0,2001,6
1,0,2001,6
1,0,2001,6
0,0,2001,7
0,0,2001,7
1,0,2001,7
1,0,2001,7
1,0,2001,7
0,0,2001,8
0,1,2001,8
0,1,2001,8
0,1,2001,8
0,1,2001,8
0,0,2001,9
0,1,2001,9
0,1,2001,9
0,1,2001,9
0,1,2001,9
0,1,2001,10
0,1,2001,10
0,1,2001,10
0,1,2001,10
0,1,2001,10
0,1,2001,11
0,1,2001,11
0,1,2001,11
0,1,2001,11
0,1,2001,11
0,1,2001,12
0,1,2001,12
0,1,2001,12
0,1,2001,12
0,1,2001,12
0,1,2002,1
0,1,2002,1
0,1,2002,1
0,1,2002,1
0,1,2002,1
0,1,2002,2
0,1,2002,2
0,1,2002,2
0,1,2002,2
0,1,2002,2
0,1,2002,3
0,1,2002,3
0,1,2002,3
0,1,2002,3
0,1,2002,3
1,1,2002,4
1,1,2002,4
1,0,2002,4
1,0,2002,4
0,0,2002,4
1,1,2002,5
1,1,2002,5
1,0,2002,5
1,0,2002,5
1,0,2002,5
1,0,2002,6
1,0,2002,6
1,0,2002,6
1,0,2002,6
1,0,2002,6
1,0,2002,7
1,0,2002,7
1,0,2002,7
1,0,2002,7
1,0,2002,7
0,0,2002,8
1,0,2002,8
1,0,2002,8
1,0,2002,8
1,0,2002,8
0,0,2002,9
1,0,2002,9
1,0,2002,9
1,0,2002,9
1,0,2002,9
0,1,2002,10
0,1,2002,10
0,1,2002,10
0,1,2002,10
0,1,2002,10
0,1,2002,11
0,1,2002,11
0,1,2002,11
0,1,2002,11
0,1,2002,11
0,1,2002,12
0,1,2002,12
0,1,2002,12
0,1,2002,12
0,1,2002,12
0,1,2003,1
0,1,2003,1
0,0,2003,1
0,0,2003,1
0,0,2003,1
0,0,2003,2
0,0,2003,2
0,0,2003,2
0,1,2003,2
0,1,2003,2
0,0,2003,3
0,0,2003,3
0,0,2003,3
0,1,2003,3
0,1,2003,3
0,0,2003,4
0,0,2003,4
0,0,2003,4
0,1,2003,4
0,0,2003,4
0,1,2003,5
0,0,2003,5
0,0,2003,5
0,0,2003,5
0,0,2003,5
0,0,2003,6
0,0,2003,6
1,0,2003,6
1,0,2003,6
1,0,2003,6
0,0,2003,7
1,0,2003,7
1,0,2003,7
1,0,2003,7
1,0,2003,7
0,0,2003,8
1,0,2003,8
1,0,2003,8
1,0,2003,8
1,0,2003,8
1,0,2003,9
1,0,2003,9
1,0,2003,9
1,0,2003,9
1,0,2003,9
1,1,2003,10
1,1,2003,10
1,0,2003,10
1,1,2003,10
0,0,2003,10
0,1,2003,11
0,1,2003,11
0,1,2003,11
0,1,2003,11
0,1,2003,11
0,1,2003,12
0,1,2003,12
0,1,2003,12
0,1,2003,12
0,1,2003,12
0,1,2004,1
0,1,2004,1
0,1,2004,1
0,1,2004,1
0,1,2004,1
0,1,2004,2
0,1,2004,2
0,1,2004,2
0,1,2004,2
0,1,2004,2
0,1,2004,3
0,0,2004,3
0,1,2004,3
0,1,2004,3
0,1,2004,3
1,0,2004,4
1,0,2004,4
1,0,2004,4
0,0,2004,4
0,0,2004,4
1,0,2004,5
1,0,2004,5
1,0,2004,5
1,0,2004,5
0,0,2004,5
1,0,2004,6
1,0,2004,6
1,0,2004,6
1,0,2004,6
0,0,2004,6
1,0,2004,7
1,0,2004,7
1,0,2004,7
1,0,2004,7
1,0,2004,7
0,0,2004,8
0,1,2004,8
0,1,2004,8
0,1,2004,8
0,1,2004,8
0,1,2004,9
0,1,2004,9
0,1,2004,9
0,1,2004,9
0,1,2004,9
0,1,2004,10
0,1,2004,10
0,1,2004,10
0,1,2004,10
0,1,2004,10
0,1,2004,11
0,1,2004,11
0,1,2004,11
0,1,2004,11
0,1,2004,11
0,1,2004,12
0,1,2004,12
0,1,2004,12
0,1,2004,12
0,1,2004,12
0,1,2005,1
0,1,2005,1
0,1,2005,1
0,1,2005,1
0,1,2005,1
0,0,2005,2
0,0,2005,2
0,0,2005,2
0,0,2005,2
0,0,2005,2
0,0,2005,3
0,0,2005,3
0,0,2005,3
0,0,2005,3
0,0,2005,3
0,0,2005,4
0,0,2005,4
0,0,2005,4
0,0,2005,4
0,0,2005,4
1,0,2005,5
1,0,2005,5
1,0,2005,5
1,0,2005,5
0,0,2005,5
1,0,2005,6
1,0,2005,6
1,0,2005,6
1,0,2005,6
1,0,2005,6
1,0,2005,7
1,0,2005,7
1,0,2005,7
1,0,2005,7
1,0,2005,7
0,1,2005,8
0,1,2005,8
0,1,2005,8
0,0,2005,8
0,0,2005,8
0,1,2005,9
0,1,2005,9
0,1,2005,9
0,1,2005,9
0,1,2005,9
0,1,2005,10
0,1,2005,10
0,1,2005,10
0,1,2005,10
0,1,2005,10
0,1,2005,11
0,1,2005,11
0,1,2005,11
0,1,2005,11
0,1,2005,11
0,1,2005,12
0,1,2005,12
0,1,2005,12
0,1,2005,12
0,1,2005,12
0,0,2006,1
0,0,2006,1
0,0,2006,1
0,1,2006,1
0,1,2006,1
0,1,2006,2
0,1,2006,2
0,1,2006,2
0,0,2006,2
0,0,2006,2
0,1,2006,3
0,1,2006,3
0,0,2006,3
0,0,2006,3
0,0,2006,3
0,0,2006,4
0,0,2006,4
0,0,2006,4
0,0,2006,4
0,0,2006,4
0,0,2006,5
0,0,2006,5
0,0,2006,5
1,0,2006,5
1,0,2006,5
1,0,2006,6
1,0,2006,6
1,0,2006,6
0,0,2006,6
0,0,2006,6
1,0,2006,7
1,0,2006,7
1,0,2006,7
1,0,2006,7
1,0,2006,7
1,0,2006,8
1,0,2006,8
1,0,2006,8
1,0,2006,8
1,0,2006,8
0,1,2006,9
0,1,2006,9
0,1,2006,9
0,1,2006,9
0,1,2006,9
0,1,2006,10
0,1,2006,10
0,1,2006,10
0,1,2006,10
0,1,2006,10
0,1,2006,11
0,1,2006,11
0,1,2006,11
0,1,2006,11
0,1,2006,11
0,1,2006,12
0,1,2006,12
0,1,2006,12
0,1,2006,12
0,1,2006,12
0,1,2007,1
0,1,2007,1
0,1,2007,1
0,0,2007,1
0,0,2007,1
0,1,2007,2
0,1,2007,2
0,1,2007,2
0,0,2007,2
0,0,2007,2
0,1,2007,3
0,1,2007,3
0,1,2007,3
0,0,2007,3
0,0,2007,3
0,1,2007,4
0,1,2007,4
0,0,2007,4
0,0,2007,4
0,0,2007,4
0,0,2007,5
0,0,2007,5
0,0,2007,5
0,0,2007,5
0,0,2007,5
0,0,2007,6
1,0,2007,6
1,0,2007,6
1,0,2007,6
1,0,2007,6
1,0,2007,7
1,0,2007,7
1,0,2007,7
1,0,2007,7
1,0,2007,7
1,0,2007,8
1,0,2007,8
1,0,2007,8
1,0,2007,8
0,0,2007,8
1,0,2007,9
1,0,2007,9
1,0,2007,9
1,0,2007,9
0,1,2007,9
0,1,2007,10
0,1,2007,10
0,1,2007,10
0,1,2007,10
0,0,2007,10
0,1,2007,11
0,1,2007,11
0,1,2007,11
0,1,2007,11
0,1,2007,11
0,1,2007,12
0,1,2007,12
0,1,2007,12
0,1,2007,12
0,1,2007,12
0,0,2008,1
0,1,2008,1
0,1,2008,1
0,1,2008,1
0,1,2008,1
0,1,2008,2
0,1,2008,2
0,1,2008,2
0,1,2008,2
0,0,2008,2
0,1,2008,3
0,1,2008,3
0,1,2008,3
0,0,2008,3
0,0,2008,3
0,1,2008,4
0,1,2008,4
0,0,2008,4
0,0,2008,4
0,0,2008,4
0,0,2008,5
0,0,2008,5
0,0,2008,5
0,0,2008,5
0,0,2008,5
1,0,2008,6
1,0,2008,6
0,0,2008,6
0,0,2008,6
0,0,2008,6
0,0,2008,7
1,0,2008,7
1,0,2008,7
1,0,2008,7
1,0,2008,7
1,0,2008,8
1,0,2008,8
1,0,2008,8
1,0,2008,8
1,0,2008,8
0,0,2008,9
0,0,2008,9
1,0,2008,9
1,1,2008,9
1,1,2008,9
0,1,2008,10
0,1,2008,10
0,1,2008,10
0,1,2008,10
0,1,2008,10
0,1,2008,11
0,1,2008,11
0,1,2008,11
0,1,2008,11
0,1,2008,11
0,1,2008,12
0,1,2008,12
0,1,2008,12
0,1,2008,12
0,1,2008,12
0,1,2009,1
0,1,2009,1
0,0,2009,1
0,0,2009,1
0,0,2009,1
0,1,2009,2
0,1,2009,2
0,0,2009,2
0,0,2009,2
0,0,2009,2
0,1,2009,3
0,0,2009,3
0,0,2009,3
0,0,2009,3
0,0,2009,3
0,0,2009,4
0,0,2009,4
0,0,2009,4
0,0,2009,4
0,0,2009,4
0,0,2009,5
0,0,2009,5
0,0,2009,5
0,0,2009,5
0,0,2009,5
1,0,2009,6
1,0,2009,6
0,0,2009,6
0,0,2009,6
0,0,2009,6
1,0,2009,7
1,0,2009,7
0,0,2009,7
0,0,2009,7
0,0,2009,7
1,0,2009,8
1,0,2009,8
1,0,2009,8
0,0,2009,8
0,0,2009,8
1,1,2009,9
1,1,2009,9
1,1,2009,9
1,0,2009,9
0,1,2009,9
0,1,2009,10
0,1,2009,10
0,1,2009,10
0,1,2009,10
0,1,2009,10
0,1,2009,11
0,1,2009,11
0,1,2009,11
0,1,2009,11
0,1,2009,11
0,1,2009,12
0,1,2009,12
0,1,2009,12
0,1,2009,12
0,1,2009,12
0,1,2010,1
0,1,2010,1
0,1,2010,1
0,1,2010,1
0,1,2010,1
0,1,2010,2
0,1,2010,2
0,1,2010,2
0,1,2010,2
0,1,2010,2
0,1,2010,3
0,1,2010,3
0,1,2010,3
0,0,2010,3
0,0,2010,3
0,1,2010,4
0,1,2010,4
0,0,2010,4
0,0,2010,4
0,0,2010,4
1,0,2010,5
1,0,2010,5
0,0,2010,5
0,0,2010,5
0,0,2010,5
1,0,2010,6
1,0,2010,6
0,0,2010,6
0,0,2010,6
0,0,2010,6
1,0,2010,7
1,0,2010,7
1,0,2010,7
1,0,2010,7
1,0,2010,7
0,0,2010,8
0,0,2010,8
0,0,2010,8
0,0,2010,8
0,0,2010,8
0,0,2010,9
0,0,2010,9
0,0,2010,9
0,0,2010,9
0,0,2010,9
0,0,2010,10
0,0,2010,10
0,0,2010,10
0,1,2010,10
0,1,2010,10
0,1,2010,11
0,1,2010,11
0,1,2010,11
0,1,2010,11
0,1,2010,11
0,1,2010,12
0,1,2010,12
0,1,2010,12
0,1,2010,12
0,1,2010,12
0,1,2011,1
0,1,2011,1
0,1,2011,1
0,1,2011,1
0,1,2011,1
0,1,2011,2
0,1,2011,2
0,1,2011,2
0,0,2011,2
0,1,2011,2
0,1,2011,3
0,1,2011,3
0,0,2011,3
0,0,2011,3
0,0,2011,3
0,0,2011,4
0,0,2011,4
0,0,2011,4
0,0,2011,4
0,0,2011,4
0,0,2011,5
0,0,2011,5
0,0,2011,5
0,0,2011,5
0,0,2011,5
1,0,2011,6
1,0,2011,6
0,0,2011,6
0,0,2011,6
0,0,2011,6
1,0,2011,7
1,0,2011,7
0,0,2011,7
0,0,2011,7
0,0,2011,7
1,0,2011,8
1,0,2011,8
1,0,2011,8
0,1,2011,8
0,1,2011,8
1,1,2011,9
1,1,2011,9
1,1,2011,9
1,1,2011,9
0,1,2011,9
0,1,2011,10
0,1,2011,10
0,1,2011,10
0,1,2011,10
0,1,2011,10
0,1,2011,11
0,1,2011,11
0,1,2011,11
0,1,2011,11
0,1,2011,11
0,1,2011,12
0,1,2011,12
0,1,2011,12
0,1,2011,12
0,1,2011,12
0,1,2012,1
0,1,2012,1
0,1,2012,1
0,1,2012,1
0,1,2012,1
0,1,2012,2
0,1,2012,2
0,1,2012,2
0,0,2012,2
0,0,2012,2
0,1,2012,3
0,1,2012,3
0,0,2012,3
0,0,2012,3
0,0,2012,3
0,0,2012,4
0,0,2012,4
0,0,2012,4
0,0,2012,4
0,0,2012,4
1,0,2012,5
1,0,2012,5
1,0,2012,5
1,0,2012,5
1,0,2012,5
1,0,2012,6
1,0,2012,6
1,0,2012,6
1,0,2012,6
1,0,2012,6
1,0,2012,7
1,0,2012,7
1,0,2012,7
1,0,2012,7
0,0,2012,7
0,0,2012,8
0,0,2012,8
0,0,2012,8
0,0,2012,8
0,0,2012,8
0,0,2012,9
0,0,2012,9
0,0,2012,9
0,0,2012,9
0,0,2012,9
0,1,2012,10
0,1,2012,10
0,1,2012,10
0,1,2012,10
0,1,2012,10
0,1,2012,11
0,1,2012,11
0,1,2012,11
0,1,2012,11
0,1,2012,11
0,1,2012,12
0,1,2012,12
0,1,2012,12
0,1,2012,12
0,1,2012,12
0,1,2013,1
0,1,2013,1
0,1,2013,1
0,1,2013,1
0,1,2013,1
0,1,2013,2
0,1,2013,2
0,1,2013,2
0,0,2013,2
0,0,2013,2
0,1,2013,3
0,1,2013,3
0,0,2013,3
0,0,2013,3
0,0,2013,3
0,0,2013,4
0,0,2013,4
0,0,2013,4
0,0,2013,4
0,0,2013,4
0,0,2013,5
0,0,2013,5
0,0,2013,5
0,0,2013,5
0,0,2013,5
0,0,2013,6
0,0,2013,6
0,0,2013,6
0,0,2013,6
0,0,2013,6
0,0,2013,7
0,0,2013,7
0,0,2013,7
0,0,2013,7
0,0,2013,7
1,1,2013,8
1,1,2013,8
1,1,2013,8
0,1,2013,8
0,1,2013,8
1,1,2013,9
1,1,2013,9
0,1,2013,9
0,1,2013,9
0,1,2013,9
0,1,2013,10
0,1,2013,10
0,1,2013,10
0,1,2013,10
0,1,2013,10
0,1,2013,11
0,1,2013,11
0,1,2013,11
0,1,2013,11
0,1,2013,11
0,1,2013,12
0,1,2013,12
0,1,2013,12
0,1,2013,12
0,1,2013,12
0,1,2014,1
0,1,2014,1
0,1,2014,1
0,0,2014,1
0,0,2014,1
0,1,2014,2
0,1,2014,2
0,1,2014,2
0,0,2014,2
0,0,2014,2
0,0,2014,3
0,0,2014,3
0,0,2014,3
0,0,2014,3
0,0,2014,3
0,0,2014,4
0,0,2014,4
0,0,2014,4
0,0,2014,4
0,0,2014,4
0,0,2014,5
0,0,2014,5
0,0,2014,5
0,0,2014,5
0,0,2014,5
0,0,2014,6
0,0,2014,6
0,0,2014,6
0,0,2014,6
0,0,2014,6
1,1,2014,7
1,1,2014,7
1,1,2014,7
1,1,2014,7
1,0,2014,7
1,1,2014,8
1,1,2014,8
1,1,2014,8
1,1,2014,8
0,1,2014,8
1,1,2014,9
1,1,2014,9
0,1,2014,9
0,1,2014,9
0,1,2014,9
0,1,2014,10
0,1,2014,10
0,1,2014,10
0,1,2014,10
0,1,2014,10
0,1,2014,11
0,1,2014,11
0,1,2014,11
0,1,2014,11
0,1,2014,11
0,1,2014,12
0,1,2014,12
0,1,2014,12
0,0,2014,12
0,0,2014,12
0,1,2015,1
0,1,2015,1
0,0,2015,1
0,0,2015,1
0,0,2015,1
0,0,2015,2
0,0,2015,2
0,0,2015,2
0,0,2015,2
0,0,2015,2
0,0,2015,3
0,0,2015,3
0,0,2015,3
0,0,2015,3
0,0,2015,3
0,0,2015,4
0,0,2015,4
0,0,2015,4
0,0,2015,4
0,0,2015,4
0,0,2015,5
0,0,2015,5
0,0,2015,5
0,0,2015,5
0,0,2015,5
0,0,2015,6
0,0,2015,6
0,0,2015,6
0,0,2015,6
0,0,2015,6
1,1,2015,7
1,0,2015,7
1,0,2015,7
1,0,2015,7
1,0,2015,7
1,1,2015,8
1,1,2015,8
1,1,2015,8
1,0,2015,8
1,0,2015,8
1,1,2015,9
1,1,2015,9
0,1,2015,9
0,1,2015,9
0,0,2015,9
0,1,2015,10
0,1,2015,10
0,1,2015,10
0,1,2015,10
0,1,2015,10
0,1,2015,11
0,1,2015,11
0,1,2015,11
0,1,2015,11
0,1,2015,11
0,1,2015,12
0,1,2015,12
0,1,2015,12
0,1,2015,12
0,1,2015,12
0,1,2016,1
0,1,2016,1
0,1,2016,1
0,0,2016,1
0,0,2016,1
0,1,2016,2
0,1,2016,2
0,0,2016,2
0,0,2016,2
0,0,2016,2
0,1,2016,3
0,1,2016,3
0,0,2016,3
0,0,2016,3
0,0,2016,3
0,0,2016,4
0,0,2016,4
0,0,2016,4
0,0,2016,4
0,0,2016,4
1,0,2016,5
1,0,2016,5
1,0,2016,5
0,0,2016,5
0,0,2016,5
1,1,2016,6
1,0,2016,6
1,0,2016,6
1,0,2016,6
1,0,2016,6
1,1,2016,7
1,1,2016,7
1,1,2016,7
1,1,2016,7
0,1,2016,7
1,1,2016,8
0,1,2016,8
0,1,2016,8
0,1,2016,8
0,1,2016,8
0,1,2016,9
0,1,2016,9
0,1,2016,9
0,1,2016,9
0,1,2016,9
0,1,2016,10
0,1,2016,10
0,1,2016,10
0,1,2016,10
0,1,2016,10
0,1,2016,11
0,1,2016,11
0,1,2016,11
0,1,2016,11
0,1,2016,11
0,1,2016,12
0,1,2016,12
0,1,2016,12
0,1,2016,12
0,0,2016,12
